{"cameraMode":{"drawMode":0,"name":"Shaded","section":"Shading Mode"},"sceneLighting":true,"audioPlay":false,"sceneViewState":{"showFog":false,"showMaterialUpdate":false,"showSkybox":false,"showFlares":false,"showImageEffects":false,"showParticleSystems":false},"in2DMode":false,"pivot":{"x":2.2159948348999025,"y":-3.9252233505249025,"z":-3.305914878845215},"rotation":{"x":-0.34371447563171389,"y":-0.32330822944641116,"z":0.12738674879074098,"w":-0.8724132180213928},"size":18.834245681762697,"orthographic":false}